CHROM,POS,ID,REF,ALT,QUAL,DP,GEN[0].GT,GEN[0].AD[1],GEN[0].DP,ExonicFunc.refGeneWithVer,AAChange.refGeneWithVer,Gene.refGeneWithVer,Func.refGeneWithVer,avsnp150,gnomad40_exome_AF,ExAC_ALL,cosmic84_coding,ALLELEID,CLNDISDB,CLNDN,CLNHGVS,CLNREVSTAT,CLNSIG,CLNVC,CLNVCSO,GENEINFO,MC,ORIGIN,RS,AF_EXAC,AF_ESP,CLNSIGCONF,AF_TGP,CLNVI,CLNDISDBINCL,CLNDNINCL,CLNSIGINCL,DBVARID,SCIDISDB,SCIDISDB,SCIDN,ONCDISDB,ONCDN,SIFT_pred,SIFT4G_pred,CADD_phred,DANN_rankscore,LINSIGHT_rankscore,GERP_RS_rankscore,Polyphen2_HVAR_pred,Polyphen2_HDIV_pred,LRT_pred,MutationTaster_pred,MutationAssessor_pred,FATHMM_pred,PROVEAN_pred,MetaSVM_pred,MetaLR_pred,MetaRNN_pred,REVEL_rankscore,MutPred_rankscore,MVP_rankscore,MPC_rankscore,PrimateAI_pred,DEOGEN2_pred,BayesDel_addAF_pred,BayesDel_noAF_pred,ClinPred_pred,Interpro_domain,GTEx_V8_gene,GTEx_V8_tissue,ExcessHet,FS,MQ,QD,SOR,AC,AC_Het,AC_Hom,AF,AN,CM,ExcHet,HWE,Ensembl_gene.refGeneWithVer,chr.refGeneWithVer,Gene_old_names.refGeneWithVer,Gene_other_names.refGeneWithVer,Uniprot_acc_HGNC_Uniprot.refGeneWithVer,Uniprot_id_HGNC_Uniprot.refGeneWithVer,Entrez_gene_id.refGeneWithVer,CCDS_id.refGeneWithVer,Refseq_id.refGeneWithVer,ucsc_id.refGeneWithVer,MIM_id.refGeneWithVer,OMIM_id.refGeneWithVer,Gene_full_name.refGeneWithVer,Pathway_Uniprot.refGeneWithVer,Pathway_BioCarta_short.refGeneWithVer,Pathway_BioCarta_full.refGeneWithVer,Pathway_ConsensusPathDB.refGeneWithVer,Pathway_KEGG_id.refGeneWithVer,Pathway_KEGG_full.refGeneWithVer,Function_description.refGeneWithVer,Disease_description.refGeneWithVer,MIM_phenotype_id.refGeneWithVer,MIM_disease.refGeneWithVer,Orphanet_disorder_id.refGeneWithVer,Orphanet_disorder.refGeneWithVer,Orphanet_association_type.refGeneWithVer,Trait_association_GWAS.refGeneWithVer,HPO_id.refGeneWithVer,HPO_name.refGeneWithVer,GO_biological_process.refGeneWithVer,GO_cellular_component.refGeneWithVer,GO_molecular_function.refGeneWithVer,Tissue_specificity_Uniprot.refGeneWithVer,Expression_egenetics.refGeneWithVer,Expression_GNF_Atlas.refGeneWithVer,Interactions_IntAct.refGeneWithVer,Interactions_BioGRID.refGeneWithVer,Interactions_ConsensusPathDB.refGeneWithVer,P_HI.refGeneWithVer,HIPred_score.refGeneWithVer,HIPred.refGeneWithVer,GHIS.refGeneWithVer,P_rec.refGeneWithVer,Known_rec_info.refGeneWithVer,RVIS_EVS.refGeneWithVer,RVIS_percentile_EVS.refGeneWithVer,LoF_FDR_ExAC.refGeneWithVer,RVIS_ExAC.refGeneWithVer,RVIS_percentile_ExAC.refGeneWithVer,ExAC_pLI.refGeneWithVer,ExAC_pRec.refGeneWithVer,ExAC_pNull.refGeneWithVer,ExAC_nonTCGA_pLI.refGeneWithVer,ExAC_nonTCGA_pRec.refGeneWithVer,ExAC_nonTCGA_pNull.refGeneWithVer,ExAC_nonpsych_pLI.refGeneWithVer,ExAC_nonpsych_pRec.refGeneWithVer,ExAC_nonpsych_pNull.refGeneWithVer,gnomAD_pLI.refGeneWithVer,gnomAD_pRec.refGeneWithVer,gnomAD_pNull.refGeneWithVer,ExAC_del_score.refGeneWithVer,ExAC_dup_score.refGeneWithVer,ExAC_cnv_score.refGeneWithVer,ExAC_cnv_flag.refGeneWithVer,GDI.refGeneWithVer,GDI_Phred.refGeneWithVer,Gene_damage_prediction_all_disease_causing_genes.refGeneWithVer,Gene_damage_prediction_all_Mendelian_disease_causing_genes.refGeneWithVer,Gene_damage_prediction_Mendelian_AD_disease_causing_genes.refGeneWithVer,Gene_damage_prediction_Mendelian_AR_disease_causing_genes.refGeneWithVer,Gene_damage_prediction_all_PID_disease_causing_genes.refGeneWithVer,Gene_damage_prediction_PID_AD_disease_causing_genes.refGeneWithVer,Gene_damage_prediction_PID_AR_disease_causing_genes.refGeneWithVer,Gene_damage_prediction_all_cancer_disease_causing_genes.refGeneWithVer,Gene_damage_prediction_cancer_recessive_disease_causing_genes.refGeneWithVer,Gene_damage_prediction_cancer_dominant_disease_causing_genes.refGeneWithVer,LoFtool_score.refGeneWithVer,SORVA_LOF_MAF0.005_HetOrHom.refGeneWithVer,SORVA_LOF_MAF0.005_HomOrCompoundHet.refGeneWithVer,SORVA_LOF_MAF0.001_HetOrHom.refGeneWithVer,SORVA_LOF_MAF0.001_HomOrCompoundHet.refGeneWithVer,SORVA_LOForMissense_MAF0.005_HetOrHom.refGeneWithVer,SORVA_LOForMissense_MAF0.005_HomOrCompoundHet.refGeneWithVer,SORVA_LOForMissense_MAF0.001_HetOrHom.refGeneWithVer,SORVA_LOForMissense_MAF0.001_HomOrCompoundHet.refGeneWithVer,Essential_gene.refGeneWithVer,Essential_gene_CRISPR.refGeneWithVer,Essential_gene_CRISPR2.refGeneWithVer,Essential_gene_gene_trap.refGeneWithVer,Gene_indispensability_score.refGeneWithVer,Gene_indispensability_pred.refGeneWithVer,MGI_mouse_gene.refGeneWithVer,MGI_mouse_phenotype.refGeneWithVer,ZFIN_zebrafish_gene.refGeneWithVer,ZFIN_zebrafish_structure.refGeneWithVer,ZFIN_zebrafish_phenotype_quality.refGeneWithVer,ZFIN_zebrafish_phenotype_tag.refGeneWithVer,FILTER,ANN[0].ALLELE,ANN[0].EFFECT,ANN[0].IMPACT,ANN[0].GENE,ANN[0].RANK,EFF[0].CODON,ANN[0].FEATUREID,ANN[0].GENEID,ANN[0].HGVS_C,ANN[0].HGVS_P,ANN[0].BIOTYPE,gnomad40_exome_AF_raw,gnomad40_exome_AF_XX,gnomad40_exome_AF_XY,gnomad40_exome_AF_grpmax,gnomad40_exome_faf95,gnomad40_exome_faf99,gnomad40_exome_fafmax_faf99_max,gnomad40_exome_AF_afr,gnomad40_exome_AF_amr,gnomad40_exome_AF_asj,gnomad40_exome_AF_eas,gnomad40_exome_AF_fin,gnomad40_exome_AF_mid,gnomad40_exome_AF_nfe,gnomad40_exome_AF_remaining,gnomad40_exome_AF_sas,ExAC_AFR,ExAC_AMR,ExAC_EAS,ExAC_FIN,ExAC_NFE,ExAC_OTH,ExAC_SAS,MLEAC,MLEAF,MAF_AFR_unrel,MAF_AMR_unrel,MAF_EAS_unrel,MAF_EUR_unrel,MAF_SAS_unrel,SIFT_score,SIFT_converted_rankscore,SIFT4G_score,SIFT4G_converted_rankscore,Polyphen2_HDIV_score,Polyphen2_HDIV_rankscore,Polyphen2_HVAR_score,Polyphen2_HVAR_rankscore,LRT_score,LRT_converted_rankscore,MutationTaster_score,MutationTaster_converted_rankscore,MutationAssessor_score,MutationAssessor_rankscore,FATHMM_score,FATHMM_converted_rankscore,PROVEAN_score,PROVEAN_converted_rankscore,VEST4_score,VEST4_rankscore,MetaSVM_score,MetaSVM_rankscore,MetaLR_score,MetaLR_rankscore,MetaRNN_score,MetaRNN_rankscore,REVEL_score,MutPred_score,MVP_score,MPC_score,PrimateAI_score,PrimateAI_rankscore,DEOGEN2_score,DEOGEN2_rankscore,BayesDel_addAF_score,BayesDel_addAF_rankscore,BayesDel_noAF_score,BayesDel_noAF_rankscore,ClinPred_score,ClinPred_rankscore,Aloft_pred,Aloft_Confidence,CADD_raw,CADD_raw_rankscore,DANN_score,GenoCanyon_rankscore,integrated_fitCons_score,integrated_fitCons_rankscore,integrated_confidence_value,LINSIGHT,GERP_NR,GERP_RS,phyloP100way_vertebrate,phyloP100way_vertebrate_rankscore,phyloP30way_mammalian,phyloP30way_mammalian_rankscore,phastCons100way_vertebrate,phastCons100way_vertebrate_rankscore,phastCons30way_mammalian,phastCons30way_mammalian_rankscore,SiPhy_29way_logOdds,SiPhy_29way_logOdds_rankscore
chr1,966748,1:966748:C:T,C,T,7729.06,306,1/1,300,300,nonsynonymous_SNV,"PLEKHN1:NM_001160184.2:exon2:c.C128T:p.A43V,PLEKHN1:NM_001367552.1:exon2:c.C128T:p.A43V,PLEKHN1:NM_032129.3:exon2:c.C128T:p.A43V",PLEKHN1,exonic,rs28499371,0.0107,0.0618,.,.,.,.,.,.,.,.,.,.,.,.,.,.,.,.,.,.,.,.,.,.,.,.,.,.,.,T,D,13.81,0.682,.,0.236,B,B,N,P,L,T,N,T,T,T,0.029,.,.,0.013,T,T,T,T,T,.\x3b.\x3b.,.,.,0,0,60,25.76,0.82,362,314,48,0.0565272,6404,0.714581,0.999983,0.0000714905,ENSG00000187583,1,.,DKFZP434H2010,Q494U1,PKHN1_HUMAN,84069,CCDS4\x3bCCDS53256,NM_001160184\x3bNM_032129,uc001acd.4,.,618355,pleckstrin_homology_domain_containing_N1,.,.,.,EGFR1,.,.,"FUNCTION:_Controls_the_stability_of_the_leptin_mRNA_harboring_an_AU-rich_element_(ARE)_in_its_3'_UTR,_in_cooperation_with_the_RNA_stabilizer_ELAVL1_(PubMed:29180010)._Decreases_the_stability_of_the_leptin_mRNA_by_antagonizing_the_function_of_ELAVL1_by_inducing_its_atypical_recruitment_from_the_nucleus_to_the_cytosol_(By_similarity)._Binds_to_cardiolipin_(CL),_phosphatidic_acid_(PA),_phosphatidylinositol_4-phosphate_(PtdIns(4)P)_and_phosphatidylserine_(PS)_(PubMed:18191643)._Promotes_apoptosis_by_enhancing_BAX-BAK_hetro-oligomerization_via_interaction_with_BID_in_colon_cancer_cells_(PubMed:29531808)_(By_similarity)._{ECO:0000250|UniProtKB:Q8C886,_ECO:0000269|PubMed:18191643,_ECO:0000269|PubMed:29180010,_ECO:0000269|PubMed:29531808}.\x3b_",.,.,.,.,.,.,Parkinson's_disease[26227905]\x3b,.,.,response_to_hypoxia\x3bpositive_regulation_of_apoptotic_process\x3b3'-UTR-mediated_mRNA_destabilization,mitochondrion\x3bcytoskeleton\x3bplasma_membrane\x3bmitochondrial_membrane,phosphatidylserine_binding\x3bprotein_binding\x3bphosphatidic_acid_binding\x3bcardiolipin_binding\x3bphosphatidylinositol_phosphate_binding,"Ubiquitous_(PubMed:18191643)._Epressed_in_several_cancer_cell_lines_of_differing_origin_(PubMed:29531808)._{ECO:0000269|PubMed:18191643,_ECO:0000269|PubMed:29531808}.\x3b",.,.,38,10,36,0.19904,0.146139457821846,N,0.546707473,0.0962,.,0.9,89.33,0.1809803,1.879999506,97.96397807,2.01974835522321E-08,0.659994782009553,0.340005197792964,5.57433430125823E-08,0.639081791583738,0.360918152672919,2.94867415806838E-07,0.727056610292468,0.272943094840116,0.0018027,0.73042,0.26777,-2.54252356721664,-2.25597869426552,-2.3252444322095,0,709.4528,5.29021,Medium,Medium,Medium,Medium,Medium,Medium,Medium,Medium,Medium,Medium,0.926,0.00119808306709265,0,0.00119808306709265,0,0.0762779552715655,0.00519169329073482,0.0363418530351438,0.0023961661341853,.,N,N,N,0.259498654175253,N,Plekhn1,.,.,.,.,.,.,.,.,.,.,.,.,.,.,.,.,.,0.011,0.0104,0.011,0.1414,0.0105,0.0105,0.1369,0.0327,0.0995,0.0106,0.1414,0.0015,0.0047,0.0004,0.0195,0.0359,0.0824,0.262,0.2491,0.0041,0.0042,0.0388,0.0446,2,1,0.0295008,0.0936599,0.140873,0.00198807,0.0337423,0.071,0.355,0.024,0.571,0.208,0.299,0.063,0.275,0.397,0.132,1,0.09,1.1,0.28,0.7,0.52,-1.6,0.395,0.179,0.205,-1.08,0.074,0.001,0.002,0.001,0,0.017,.,.,0.014,0.411,0.266,0.014,0.122,-0.723,0,-0.669,0.077,0.009,0.001,.\x3b.\x3b.\x3b,.\x3b.\x3b.\x3b,1.222,0.179,0.995,0.748,0.564,0.324,0,.,5.01,1.74,0.045,0.139,1.026,0.459,0,0.064,0.014,0.129,6.895,0.234
chr1,1072058,.,G,A,1714.64,167,0/1,80,162,nonsynonymous_SNV,RNF223:NM_001205252.2:exon2:c.C509T:p.P170L,RNF223,exonic,rs951137795,0.000009715,0,.,.,.,.,.,.,.,.,.,.,.,.,.,.,.,.,.,.,.,.,.,.,.,.,.,.,.,T,D,15.17,0.332,.,0.176,.,.,.,N,M,D,D,T,T,T,0.455,0.299,0.664,.,T,T,T,T,T,.,.,.,0,0.572,60,10.58,0.744,1,.,.,0.5,2,.,.,.,ENSG00000237330,1,.,.,E7ERA6,RN223_HUMAN,401934,CCDS53257,NM_001205252,uc021oen.2,.,618355,ring_finger_protein_223,.,.,.,.,.,.,.,.,.,.,.,.,.,.,.,.,.,integral_component_of_membrane,metal_ion_binding,.,.,.,.,.,.,.,.,.,0.443129556,.,.,.,.,.,.,.,0,0,0,0,0,0,0,0,0,0.025897,0.57719,0.39692,0,0,0,0,350.3187,3.96842,Medium,Medium,Medium,Medium,Medium,Medium,Medium,Medium,Medium,Medium,.,0,0,0,0,0.0343450479233227,0.00159744408945687,0.0131789137380192,0,.,N,N,N,0.11437135981131,N,Rnf223,.,.,.,.,.,.,.,.,.,.,.,.,.,.,.,.,.,0.0000171,0.00000737,0.00001213,0.00003755,0.00000542,0.00000418,0.00000235,0.00003755,0,0,0.00003107,0.00003019,0,0.000007554,0.00001798,0.00001368,0,0,0,0,0,0,0,1,0.5,.,.,.,.,.,0.081,0.334,0.016,0.61,.,.,.,.,.,.,1,0.09,2.075,0.57,-1.84,0.842,-2.66,0.569,0.112,0.099,-0.432,0.71,0.497,0.81,0.112,0.209,0.18,0.32,0.667,.,0.728,0.712,0.087,0.379,-0.131,0.313,-0.426,0.304,0.141,0.164,.\x3b,.\x3b,1.414,0.206,0.973,0.21,0.517,0.214,0,.,4,0.755,0.583,0.235,-0.21,0.095,0.001,0.138,0,0.019,4.984,0.135
chr1,1197527,.,G,A,1154.64,97,0/1,55,96,nonsynonymous_SNV,"TTLL10:NM_001130045.2:exon16:c.G1702A:p.G568S,TTLL10:NM_001371649.1:exon16:c.G1702A:p.G568S",TTLL10,exonic,rs774422160,0.00007161,0.0009,.,.,.,.,.,.,.,.,.,.,.,.,.,.,.,.,.,.,.,.,.,.,.,.,.,.,.,D,T,15.52,0.387,.,0.378,B,P,N,N,L,T,D,T,T,T,0.311,0.104,0.264,0.117,D,T,T,T,T,.\x3b.,.,.,0,0.78,60,12.03,0.592,1,.,.,0.5,2,.,.,.,ENSG00000162571,1,TTLL5,FLJ36119,Q6ZVT0,TTL10_HUMAN,254173,CCDS8\x3bCCDS44036,NM_153254\x3bNM_001130045,uc010nyg.2,.,612268,tubulin_tyrosine_ligase_like_10,.,.,.,Post-translational_protein_modification\x3bMetabolism_of_proteins\x3bCarboxyterminal_post-translational_modifications_of_tubulin,.,.,FUNCTION:_Inactive_polyglycylase._{ECO:0000269|PubMed:19524510}.\x3b_,.,.,.,1872,Cone_rod_dystrophy,Disease-causing_germline_mutation(s)_(loss_of_function)_in,Large_artery_stroke[24262325]\x3bLead_levels[26025379]\x3bHeight[21998595]\x3b,HP:0000613\x3bHP:0000505\x3bHP:0000551\x3bHP:0007703\x3bHP:0000662\x3bHP:0000548\x3bHP:0000556\x3bHP:0000007,Photophobia\x3bVisual_impairment\x3bColor_vision_defect\x3bAbnormality_of_retinal_pigmentation\x3bNyctalopia\x3bCone/cone-rod_dystrophy\x3bRetinal_dystrophy\x3bAutosomal_recessive_inheritance,protein_polyglycylation,cytosol,protein_binding\x3bATP_binding\x3bprotein-glycine_ligase_activity,.,.,.,17,10,17,0.11164,0.146139457821846,N,.,.,.,3.27,99.4,0.6738169,-0.175667739,38.31696886,1.94738806982348E-05,0.46328044912402,0.536700076995282,9.62326935096604E-05,0.565670299146937,0.434233468159553,0.0000877227114766998,0.51582495828253,0.484087319005993,4.8372E-11,0.3519,0.6481,-0.107338132620471,-1.547525137109,-1.22537295612016,0,2864.03353,10.12799,Medium,Medium,Medium,Medium,Medium,High,Medium,Medium,Medium,Medium,0.95,0.00399361022364217,0,0.00399361022364217,0,0.0758785942492013,0.00638977635782748,0.0419329073482428,0.000399361022364217,.,N,N,N,0.0884618892570334,N,Ttll10,homeostasis/metabolism_phenotype\x3b_,.,.,.,.,.,.,.,.,.,.,.,.,.,.,.,.,0.00007182,0.00004711,0.00009675,0.0008,0.00005995,0.00005562,0.0006,0,0.00002926,0,0.0005,0,0,0.000007438,0.0001,0.0008,0,0,0,0,0,0,0.0014,1,0.5,.,.,.,.,.,0.016,0.519,0.177,0.297,0.954,0.544,0.336,0.423,0.009,0.012,0.977,0.254,1.485,0.372,3.28,0.065,-2.67,0.571,0.143,0.143,-0.98,0.35,0.018,0.077,0.045,0.036,0.108,0.193,0.268,0.104,0.837,0.876,0.004,0.035,-0.541,0.003,-0.617,0.115,0.131,0.154,.\x3b.\x3b,.\x3b.\x3b,1.467,0.214,0.981,0.189,0.581,0.331,0,.,3.38,3.38,1.473,0.35,0.977,0.36,0.377,0.26,0.15,0.209,10.236,0.425
chr1,1427743,1:1427743:C:A,C,A,940.64,100,0/1,45,98,nonsynonymous_SNV,TMEM88B:NM_001146685.1:exon2:c.C448A:p.P150T,TMEM88B,exonic,rs185086231,0.0032,0.0053,.,.,.,.,.,.,.,.,.,.,.,.,.,.,.,.,.,.,.,.,.,.,.,.,.,.,.,T,T,14.48,0.139,.,0.293,P,P,.,N,M,T,N,.,.,T,.,.,.,.,T,T,T,T,.,.,.,.,0,0,60,9.6,0.699,233,201,32,0.0363835,6404,1.36906,0.999999,0.00000277005,ENSG00000205116,1,.,.,A6NKF7,TM88B_HUMAN,643965,CCDS57964,NM_001146685,uc010nyp.2,.,618355,transmembrane_protein_88B,.,.,.,.,.,.,.,.,.,.,.,.,.,.,.,.,.,plasma_membrane\x3bintegral_component_of_membrane,PDZ_domain_binding,.,.,.,.,.,.,.,.,.,0.465373082,.,.,.,.,.,.,.,0,0,0,0,0,0,0,0,0,0.42656,0.46883,0.1046,0,0,0,0,302.85142,3.70888,Medium,Medium,Medium,Medium,Medium,Medium,Medium,Medium,Medium,Medium,.,0,0,0,0,0.0143769968051118,0,0.00359424920127796,0,.,N,N,N,0.11437135981131,N,Tmem88b,.,.,.,.,.,.,.,.,.,.,.,.,.,.,.,.,.,0.0037,0.0033,0.003,0.114,0.0031,0.0031,0.1067,0.0014,0.114,0.002,0.0677,0.001,0.0003,0.0001,0.0097,0.0014,0,0,0.1316,0,0,0.0263,0.0033,1,0.5,0.00151286,0.100865,0.111111,0.000994036,0,0.078,0.339,0.195,0.28,0.94,0.528,0.846,0.605,.,.,1,0.09,1.95,0.525,0.85,0.471,-0.55,0.168,0.067,0.04,.,.,.,.,0.002,0,.,.,.,.,0.731,0.717,0.009,0.08,-0.615,0.001,-0.559,0.164,.,.,.\x3b,.\x3b,1.313,0.192,0.819,0.748,0.455,0.096,0,.,3.42,2.49,-0.317,0.081,0.772,0.312,0,0.064,0.003,0.082,7.051,0.242
chr1,1974046,1:1974046:C:T,C,T,987.64,84,0/1,39,78,nonsynonymous_SNV,CFAP74:NM_001304360.2:exon7:c.G653A:p.R218Q,CFAP74,exonic,rs117346635,0.0003,0.0015,.,.,.,.,.,.,.,.,.,.,.,.,.,.,.,.,.,.,.,.,.,.,.,.,.,.,.,.,T,9.409,0.781,0.079,0.087,P,D,N,N,.,.,.,T,T,T,0.112,.,0.004,.,T,T,T,T,D,.,.,.,0,0.913,60,12.66,0.934,24,24,0,0.00374766,6404,1.88865,0.957665,1,ENSG00000142609,1,C1orf222\x3bKIAA1751,FLJ45476,Q9C0B2,CFA74_HUMAN,85452,.,NM_001304360,.,.,.,cilia_and_flagella_associated_protein_74,.,.,.,.,.,.,FUNCTION:_As_part_of_the_central_apparatus_of_the_cilium_axoneme_may_play_a_role_in_cilium_movement._{ECO:0000250|UniProtKB:D4P3R7}.\x3b_,.,.,.,.,.,.,Severe_influenza_A_(H1N1)_infection[26379185]\x3b,.,.,axoneme_assembly,axoneme,.,.,.,.,3,5,5,0.12614,.,.,0.439712305,0.09843,.,.,.,.,.,.,0,0,0,0,0,0,0,0,0,0,0,0,-1.46139581617286,-0.794220358947378,-1.04666916969247,0,.,.,.,.,.,.,.,.,.,.,.,.,.,0.000399361022364217,0,0.000399361022364217,0,0.00279552715654952,0,0.00279552715654952,0,.,.,.,.,.,.,Cfap74,.,.,.,.,.,.,.,.,.,.,.,.,.,.,.,.,.,0.0004,0.0004,0.0003,0.0098,0.0003,0.0003,0.0087,0.00003045,0.00007024,0,0.0098,0,0,0.0000465,0.0006,0.0003,0,0,0.0208,0,0.00002089,0,0.0005,1,0.5,0,0,0.0178571,0.000994036,0,.,.,0.117,0.364,0.999,0.779,0.883,0.627,0.539,0.116,1,0.09,.,.,.,.,.,.,0.299,0.338,-1.009,0.274,0.079,0.314,0.007,0.001,0.041,.,0.014,.,0.325,0.142,0.027,0.197,-0.548,0.003,-0.547,0.176,0.506,0.329,.\x3b,.\x3b,0.802,0.126,0.997,0.167,0.403,0.061,0,0.048,3.46,-1.34,-0.111,0.108,-0.416,0.062,0,0.064,0.001,0.051,2.874,0.053
chr1,3500647,1:3500647:G:A,G,A,1765.64,136,0/1,72,134,nonsynonymous_SNV,MEGF6:NM_001409.4:exon21:c.C2693T:p.P898L,MEGF6,exonic,rs61742846,0.0324,0.0484,.,.,.,.,.,.,.,.,.,.,.,.,.,.,.,.,.,.,.,.,.,.,.,.,.,.,.,T,T,7.369,0.141,.,0.155,B,B,N,N,L,T,D,T,T,T,0.164,.,.,0.12,T,T,T,T,T,".\x3bLaminin_EGF_domain|EGF-like,_conserved_site|EGF-like_domain|Laminin_EGF_domain|EGF-like_domain",.,.,0,0,60,13.18,0.659,166,154,12,0.0259213,6404,5.95567,0.99501,0.0189378,ENSG00000162591,1,EGFL3,.,O75095,MEGF6_HUMAN,1953,CCDS41237,NM_001409,uc001akl.4,604266,604266,multiple_EGF_like_domains_6,.,.,.,.,.,.,.,.,.,.,.,.,.,Chronic_central_serous_retinopathy[30073298]\x3b,.,.,biological_process,cellular_component\x3bextracellular_region,calcium_ion_binding\x3bprotein_binding,.,fovea_centralis\x3bskin\x3bmyocardium\x3btestis\x3bparathyroid\x3bbrain\x3blens\x3bunclassifiable_(Anatomical_System)\x3bheart\x3blung\x3bchoroid\x3bkidney\x3bovary\x3bretina\x3bmacula_lutea\x3bcolon\x3bplacenta\x3burinary\x3bprostate\x3boptic_nerve\x3b,.,6,7,8,0.11042,0.475266188383102,N,0.405589936,0.09881,.,2.07,97.81,0.03580042,3.816745521,99.68676586,4.42421031130217E-15,0.994620434269407,0.00537956573058837,6.58609932277098E-13,0.997551698431068,0.00244830156827339,1.59486804682739E-14,0.975741199691022,0.0242588003089624,0.013848,0.95837,0.027779,0.165617650110878,-0.400443123102401,-0.252521024024707,0,6730.46373,17.39874,High,High,High,High,High,High,High,High,High,High,0.187,0.00519169329073482,0,0.00519169329073482,0,0.155750798722045,0.0219648562300319,0.073482428115016,0.00479233226837061,.,N,N,N,0.627416316732691,E,Megf6,.,.,.,.,.,.,.,.,.,.,.,.,.,.,.,.,.,0.0321,0.0326,0.0321,0.0597,0.0321,0.032,0.0568,0.0181,0.0164,0.0542,0.0597,0.0239,0.035,0.0332,0.0307,0.0211,0.0243,0.0468,0.1131,0.0729,0.0675,0.0417,0.0261,1,0.5,0.0219365,0.0273775,0.0446429,0.0298211,0.0102249,0.253,0.17,0.353,0.173,0.005,0.136,0.008,0.165,0.851,0.09,1,0.09,1.715,0.444,0.94,0.481,-3.04,0.629,0.055,0.184,-1.041,0.17,0.021,0.088,0.003,0,0.056,.,.,0.107,0.333,0.154,0.03,0.215,-0.533,0.004,-0.494,0.23,0.005,0.001,.\x3b.\x3b,.\x3b.\x3b,0.585,0.101,0.822,0.255,0.635,0.418,0,.,4.98,0.396,-1.471,0.025,-1.287,0.017,0,0.064,0,0.019,9.486,0.381
chr1,3507824,1:3507824:G:A,G,A,2851.64,242,0/1,124,237,nonsynonymous_SNV,MEGF6:NM_001409.4:exon14:c.C1760T:p.P587L,MEGF6,exonic,rs947345,0.0495,0.0477,.,.,.,.,.,.,.,.,.,.,.,.,.,.,.,.,.,.,.,.,.,.,.,.,.,.,.,D,D,24.3,0.852,.,0.49,D,D,D,P,M,T,D,T,T,T,0.511,.,.,0.504,T,T,T,T,T,".\x3bLaminin_EGF_domain|EGF-like,_conserved_site|EGF-like_domain|Laminin_EGF_domain|EGF-like_domain",.,.,0,1.005,60,12.03,0.794,391,345,46,0.0610556,6404,5.96081,0.999413,0.00171954,ENSG00000162591,1,EGFL3,.,O75095,MEGF6_HUMAN,1953,CCDS41237,NM_001409,uc001akl.4,604266,604266,multiple_EGF_like_domains_6,.,.,.,.,.,.,.,.,.,.,.,.,.,Chronic_central_serous_retinopathy[30073298]\x3b,.,.,biological_process,cellular_component\x3bextracellular_region,calcium_ion_binding\x3bprotein_binding,.,fovea_centralis\x3bskin\x3bmyocardium\x3btestis\x3bparathyroid\x3bbrain\x3blens\x3bunclassifiable_(Anatomical_System)\x3bheart\x3blung\x3bchoroid\x3bkidney\x3bovary\x3bretina\x3bmacula_lutea\x3bcolon\x3bplacenta\x3burinary\x3bprostate\x3boptic_nerve\x3b,.,6,7,8,0.11042,0.475266188383102,N,0.405589936,0.09881,.,2.07,97.81,0.03580042,3.816745521,99.68676586,4.42421031130217E-15,0.994620434269407,0.00537956573058837,6.58609932277098E-13,0.997551698431068,0.00244830156827339,1.59486804682739E-14,0.975741199691022,0.0242588003089624,0.013848,0.95837,0.027779,0.165617650110878,-0.400443123102401,-0.252521024024707,0,6730.46373,17.39874,High,High,High,High,High,High,High,High,High,High,0.187,0.00519169329073482,0,0.00519169329073482,0,0.155750798722045,0.0219648562300319,0.073482428115016,0.00479233226837061,.,N,N,N,0.627416316732691,E,Megf6,.,.,.,.,.,.,.,.,.,.,.,.,.,.,.,.,.,0.0495,0.0503,0.0487,0.0981,0.0492,0.0491,0.0941,0.0981,0.0362,0.0653,0.0577,0.0436,0.0404,0.0503,0.0499,0.0228,0.0999,0.035,0.0507,0.0398,0.0487,0.0451,0.0241,1,0.5,0.106657,0.0475504,0.046627,0.0675944,0.0102249,0.004,0.682,0.002,0.794,1,0.906,0.995,0.832,0,0.537,0,0.529,2.47,0.717,0.58,0.541,-9.6,0.985,0.215,0.669,-0.844,0.524,0.01,0.038,0.004,0.001,0.214,.,.,0.528,0.5,0.388,0.031,0.22,-0.459,0.01,-0.355,0.386,0.052,0.059,.\x3b.\x3b,.\x3b.\x3b,3.351,0.603,0.998,0.327,0.732,0.924,0,.,4.21,4.21,5.604,0.673,1.176,0.789,1,0.716,0.34,0.247,11.427,0.493
chr1,3763769,1:3763769:C:T,C,T,1670.64,145,0/1,77,145,nonsynonymous_SNV,CCDC27:NM_152492.3:exon8:c.C1385T:p.T462M,CCDC27,exonic,rs75853003,0.0029,0.0088,.,.,.,.,.,.,.,.,.,.,.,.,.,.,.,.,.,.,.,.,.,.,.,.,.,.,.,T,T,0.054,0.13,.,0.034,B,B,N,N,L,T,N,T,T,T,0.009,.,0.004,0.153,T,T,T,T,T,.,.,.,0,1.305,60,11.52,0.721,126,112,14,0.0196752,6404,7.13442,0.999978,0.00018009,ENSG00000162592,1,.,FLJ32825,Q2M243,CCD27_HUMAN,148870,CCDS50,NM_152492,uc001akv.3,.,618355,coiled-coil_domain_containing_27,.,.,.,.,.,.,.,.,.,.,.,.,.,Visceral_fat[22589738\x3b22589738]\x3bVisceral_adipose_tissue/subcutaneous_adipose_tissue_ratio[22589738]\x3bObesity-related_traits[23251661]\x3bHemoglobin_concentration[27863252]\x3bBlood_trace_element_(Cu_levels)[23720494]\x3b,.,.,.,.,.,.,testis\x3b,.,2,6,7,0.07703,0.12329725921154,N,0.4213011,0.09509,.,2.63,98.8,0.9543876,1.467525132,96.08457322,1.60569656764963E-19,0.000771687660836762,0.999228312339163,3.8852567857919E-18,0.00136023758917315,0.998639762410827,3.03882011628058E-16,0.00440152705258762,0.995598472947412,2.6605E-28,0.000027054,0.99997,-2.62354415217069,-0.531851189936425,-2.33283265866035,0,946.58435,5.96018,Medium,Medium,Medium,Medium,Medium,Medium,Medium,Medium,Medium,Medium,0.969,0.00199680511182109,0,0.00199680511182109,0,0.0662939297124601,0.00319488817891374,0.0291533546325879,0.000399361022364217,.,N,N,N,0.000820672031338782,N,Ccdc27,.,.,.,.,.,.,.,.,.,.,.,.,.,.,.,.,.,0.0029,0.0029,0.0029,0.0769,0.0028,0.0028,0.0737,0.0007,0.0007,0.0008,0.0769,0.00003745,0.0007,0.0002,0.0076,0.0046,0.0014,0.0005,0.1088,0,0.0004,0.0089,0.0045,1,0.5,0,0.00288184,0.0982143,0.000994036,0.00306748,0.183,0.217,0.151,0.324,0.1,0.257,0.01,0.149,0.509,0.051,1,0.09,1.275,0.321,2.15,0.193,-1.66,0.397,0.176,0.189,-1.013,0.258,0.002,0.007,0.002,0,0.009,.,0.014,0.136,0.234,0.022,0.005,0.039,-0.738,0,-0.715,0.051,0.001,0,.\x3b,.\x3b,-0.658,0.011,0.8,0.223,0.581,0.331,0,.,4.76,-4.34,-1.685,0.02,-0.275,0.078,0,0.064,0,0.019,6.165,0.196
chr1,11055787,1:11055787:C:G,C,G,491.64,37,0/1,20,35,nonsynonymous_SNV,SRM:NM_003132.3:exon6:c.G759C:p.K253N,SRM,exonic,rs200736807,0.0004,0.002,.,.,.,.,.,.,.,.,.,.,.,.,.,.,.,.,.,.,.,.,.,.,.,.,.,.,.,T,T,22.6,0.594,.,0.019,D,D,D,D,M,T,D,T,T,T,0.784,.,0.483,0.866,T,T,T,T,D,Polyamine_biosynthesis__domain,.,.,0,3.39,60,14.05,0.255,9,9,0,0.00140537,6404,22.4245,0.994387,1,ENSG00000116649,1,SRML1,SPS1,P19623,SPEE_HUMAN,6723,CCDS125,NM_003132,uc001arz.2,182891,182891,spermidine_synthase,PATHWAY:_Amine_and_polyamine_biosynthesis\x3b_spermidine_biosynthesis\x3b_spermidine_from_putrescine:_step_1/1.\x3b_,.,.,"Arginine_and_proline_metabolism_-_Homo_sapiens_(human)\x3bbeta-Alanine_metabolism_-_Homo_sapiens_(human)\x3bGlutathione_metabolism_-_Homo_sapiens_(human)\x3bCysteine_and_methionine_metabolism_-_Homo_sapiens_(human)\x3bS-Adenosylhomocysteine_(SAH)_Hydrolase_Deficiency\x3bMethionine_Metabolism\x3bMethionine_Adenosyltransferase_Deficiency\x3bGlycine_N-methyltransferase_Deficiency\x3bHypermethioninemia\x3bMethylenetetrahydrofolate_Reductase_Deficiency_(MTHFRD)\x3bHomocystinuria-megaloblastic_anemia_due_to_defect_in_cobalamin_metabolism,_cblG_complementation_type\x3bSpermidine_and_Spermine_Biosynthesis\x3bCystathionine_Beta-Synthase_Deficiency\x3bMethionine_De_Novo_and_Salvage_Pathway\x3bAmino_Acid_metabolism\x3bNucleotide_Metabolism\x3bUrea_cycle_and_metabolism_of_amino_groups\x3bMetabolism_of_polyamines\x3bMetabolism_of_amino_acids_and_derivatives\x3bMetabolism\x3bArginine_Proline_metabolism\x3bspermidine_biosynthesis\x3bmethionine_salvage_cycle_III",hsa00220\x3bhsa00271\x3bhsa00410\x3bhsa00480,Urea_cycle_and_metabolism_of_amino_groups\x3bMethionine_metabolism\x3bbeta-Alanine_metabolism\x3bGlutathione_metabolism,"FUNCTION:_Catalyzes_the_production_of_spermidine_from_putrescine_and_decarboxylated_S-adenosylmethionine_(dcSAM)._Has_a_strong_preference_for_putrescine_as_substrate,_and_has_very_low_activity_towards_1,3-diaminopropane._Has_extremely_low_activity_towards_spermidine._{ECO:0000269|PubMed:17585781}.\x3b_",.,.,.,.,.,.,Beard_thickness[26926045]\x3b,.,.,polyamine_metabolic_process\x3bpolyamine_biosynthetic_process\x3bspermidine_biosynthetic_process\x3bcellular_response_to_leukemia_inhibitory_factor,cytosol,spermidine_synthase_activity\x3bprotein_binding\x3bidentical_protein_binding\x3bprotein_homodimerization_activity,.,.,.,9,29,567,0.18813,0.728293240070343,Y,0.594364028,0.29083,.,-0.38,27.42,0.1624205,-0.273574099,32.70887296,0.869848472217591,0.129784742074837,0.00036678570757128,0,0,0,0.96262425747159,0.0372841597720531,9.15827563570525E-05,0.47034,0.44819,0.081468,0.288503706159159,0.339840203142772,0.452645703671854,0,13.56758,0.49305,Medium,Medium,Medium,Medium,Medium,Medium,Medium,Medium,Medium,Medium,0.268,0,0,0,0,0.00559105431309904,0,0.00279552715654952,0,.,E,N,N,0.992785162826927,E,Srm,.,srm,melanophore_stripe,patchy,abnormal,.,.,.,.,.,.,.,.,.,.,.,.,0.0003,0.0004,0.0004,0.0262,0.0004,0.0004,0.0234,0,0,0,0.0262,0,0,0.000003565,0.0002,0.00002597,0,0,0.035,0,0,0.0109,0,1,0.5,0,0,0.00694444,0,0,0.133,0.264,0.08,0.419,0.997,0.707,0.921,0.656,0,0.843,1,0.548,2.165,0.606,-1.21,0.786,-2.51,0.545,0.654,0.664,-0.021,0.818,0.447,0.783,0.012,0.003,0.497,.,0.487,1.477,0.666,0.622,0.294,0.667,-0.356,0.044,-0.279,0.469,0.954,0.641,.\x3b,.\x3b,2.559,0.425,0.993,0.501,0.672,0.526,0,.,5.13,-6.2,1.012,0.295,-0.029,0.136,1,0.716,1,0.863,21.325,1
chr1,11957939,.,T,C,1654.64,156,0/1,78,153,nonsynonymous_SNV,"PLOD1:NM_000302.4:exon8:c.T839C:p.I280T,PLOD1:NM_001316320.2:exon9:c.T980C:p.I327T",PLOD1,exonic,rs199669594,0.00007279,0.0002,.,626704,"MONDO:MONDO:0019625,MedGen:C4707243,OMIM:PS607086,Orphanet:91387|MONDO:MONDO:0016002,MedGen:C0268342,OMIM:225400,Orphanet:1900","Familial_thoracic_aortic_aneurysm_and_aortic_dissection|Ehlers-Danlos_syndrome,_kyphoscoliotic_type_1",NC_000001.11:g.11957939T>C,"criteria_provided,_multiple_submitters,_no_conflicts",Uncertain_significance,single_nucleotide_variant,SO:0001483,PLOD1:5351,SO:0001583|missense_variant,1,199669594,0.00016,0.00008,.,0.0002,.,.,.,.,.,.,.,.,.,.,D,D,22.4,0.455,.,0.585,B,B,N,D,N,T,N,T,T,T,0.329,.,0.727,0.297,T,T,T,T,T,.\x3b.,.,.,0,0.595,60,10.81,0.77,1,.,.,0.5,2,.,.,.,ENSG00000083444,1,LLH\x3bPLOD,LH1,Q02809,PLOD1_HUMAN,5351,CCDS142,NM_000302,uc001atm.4,153454,153454,"procollagen-lysine,2-oxoglutarate_5-dioxygenase_1",.,.,.,Lysine_degradation_-_Homo_sapiens_(human)\x3bCollagen_biosynthesis_and_modifying_enzymes\x3bCollagen_formation\x3bExtracellular_matrix_organization,hsa00310,Lysine_degradation,"FUNCTION:_Part_of_a_complex_composed_of_PLOD1,_P3H3_and_P3H4_that_catalyzes_hydroxylation_of_lysine_residues_in_collagen_alpha_chains_and_is_required_for_normal_assembly_and_cross-linkling_of_collagen_fibrils_(By_similarity)._Forms_hydroxylysine_residues_in_-Xaa-Lys-Gly-_sequences_in_collagens_(PubMed:8621606,_PubMed:10686424,_PubMed:15854030)._These_hydroxylysines_serve_as_sites_of_attachment_for_carbohydrate_units_and_are_essential_for_the_stability_of_the_intermolecular_collagen_cross-links_(Probable)._{ECO:0000250|UniProtKB:Q9R0E2,_ECO:0000269|PubMed:10686424,_ECO:0000269|PubMed:15854030,_ECO:0000269|PubMed:8621606,_ECO:0000305}.\x3b_","DISEASE:_Ehlers-Danlos_syndrome,_kyphoscoliotic_type,_1_(EDSKSCL1)_[MIM:225400]:_A_form_of_Ehlers-Danlos_syndrome,_a_group_of_connective_tissue_disorders_characterized_by_skin_hyperextensibility,_articular_hypermobility,_and_tissue_fragility._EDSKSCL1_is_an_autosomal_recessive_form_characterized_by_severe_muscle_hypotonia_at_birth,_generalized_joint_laxity,_scoliosis_at_birth,_and_scleral_fragility_and_rupture_of_the_ocular_globe._{ECO:0000269|PubMed:10686424,_ECO:0000269|PubMed:15666309,_ECO:0000269|PubMed:15854030,_ECO:0000269|PubMed:15979919,_ECO:0000269|PubMed:8163671,_ECO:0000269|PubMed:9617436}._Note\x3dThe_disease_is_caused_by_mutations_affecting_the_gene_represented_in_this_entry.\x3b_",225400\x3b,"[MIM:225400]Ehlers-Danlos_syndrome,_kyphoscoliotic_type,_1_[recessive?]\x3b",1900,"Ehlers-Danlos_syndrome,_kyphoscoliotic_type",Disease-causing_germline_mutation(s)_in,Moyamoya_disease[29273593]\x3bTuberculosis[29036319]\x3bPlateletcrit[27863252]\x3bDiastolic_blood_pressure_x_alcohol_consumption_interaction_(2df_test)[29912962]\x3bPlatelet_count[27863252]\x3b,HP:0000977\x3bHP:0006532\x3bHP:0001763\x3bHP:0000963\x3bHP:0001290\x3bHP:0000286\x3bHP:0001166\x3bHP:0001939\x3bHP:0005952\x3bHP:0008458\x3bHP:0001388\x3bHP:0005280\x3bHP:0001270\x3bHP:0001373\x3bHP:0002093\x3bHP:0025019\x3bHP:0000541\x3bHP:0000978\x3bHP:0001519\x3bHP:0000592\x3bHP:0002239\x3bHP:0000545\x3bHP:0001635\x3bHP:0001762\x3bHP:0000098\x3bHP:0000007\x3bHP:0000501\x3bHP:0000015\x3bHP:0000939\x3bHP:0001788\x3bHP:0007517\x3bHP:0000563\x3bHP:0000678\x3bHP:0000974\x3bHP:0001252\x3bHP:0001558\x3bHP:0000482\x3bHP:0000023\x3bHP:0000993\x3bHP:0002808\x3bHP:0000618\x3bHP:0001939\x3bHP:0002647\x3bHP:0001762\x3bHP:0002650\x3bHP:0002808\x3bHP:0000541\x3bHP:0000023\x3bHP:0000974\x3bHP:0000501\x3bHP:0005294\x3bHP:0000563\x3bHP:0000482\x3bHP:0002761\x3bHP:0001634\x3bHP:0010727\x3bHP:0000488\x3bHP:0003272\x3bHP:0001933\x3bHP:0000545\x3bHP:0005692\x3bHP:0001319\x3bHP:0000505\x3bHP:0001131\x3bHP:0000987\x3bHP:0001288,Soft_skin\x3bRecurrent_pneumonia\x3bPes_planus\x3bThin_skin\x3bGeneralized_hypotonia\x3bEpicanthus\x3bArachnodactyly\x3bAbnormality_of_metabolism/homeostasis\x3bDecreased_pulmonary_function\x3bProgressive_congenital_scoliosis\x3bJoint_laxity\x3bDepressed_nasal_bridge\x3bMotor_delay\x3bJoint_dislocation\x3bRespiratory_insufficiency\x3bArterial_rupture\x3bRetinal_detachment\x3bBruising_susceptibility\x3bDisproportionate_tall_stature\x3bBlue_sclerae\x3bGastrointestinal_hemorrhage\x3bMyopia\x3bCongestive_heart_failure\x3bTalipes_equinovarus\x3bTall_stature\x3bAutosomal_recessive_inheritance\x3bGlaucoma\x3bBladder_diverticulum\x3bOsteoporosis\x3bPremature_rupture_of_membranes\x3bPalmoplantar_cutis_laxa\x3bKeratoconus\x3bDental_crowding\x3bHyperextensible_skin\x3bMuscular_hypotonia\x3bDecreased_fetal_movement\x3bMicrocornea\x3bInguinal_hernia\x3bMolluscoid_pseudotumors\x3bKyphosis\x3bBlindness\x3bAbnormality_of_metabolism/homeostasis\x3bAortic_dissection\x3bTalipes_equinovarus\x3bScoliosis\x3bKyphosis\x3bRetinal_detachment\x3bInguinal_hernia\x3bHyperextensible_skin\x3bGlaucoma\x3bArterial_dissection\x3bKeratoconus\x3bMicrocornea\x3bGeneralized_joint_laxity\x3bMitral_valve_prolapse\x3bSpontaneous_rupture_of_the_globe\x3bRetinopathy\x3bAbnormality_of_the_hip_bone\x3bSubcutaneous_hemorrhage\x3bMyopia\x3bJoint_hyperflexibility\x3bNeonatal_hypotonia\x3bVisual_impairment\x3bCorneal_dystrophy\x3bAtypical_scarring_of_skin\x3bGait_disturbance,response_to_hypoxia\x3bcellular_protein_modification_process\x3bprotein_O-linked_glycosylation\x3bepidermis_development\x3bpeptidyl-lysine_hydroxylation\x3bcollagen_fibril_organization\x3bcollagen_metabolic_process\x3bhydroxylysine_biosynthetic_process\x3boxidation-reduction_process,endoplasmic_reticulum_membrane\x3brough_endoplasmic_reticulum_membrane\x3bextracellular_exosome\x3bcatalytic_complex,iron_ion_binding\x3bprocollagen-lysine_5-dioxygenase_activity\x3bL-ascorbic_acid_binding\x3bprocollagen_glucosyltransferase_activity\x3bprotein_homodimerization_activity,.,pharynx\x3bstomach\x3btestis\x3bchoroid\x3blarynx\x3bkidney\x3buterus\x3bwhole_body\x3bpancreas\x3bbile_duct\x3bhypopharynx\x3bskeletal_muscle\x3bmesenchyma\x3bislets_of_Langerhans\x3bvisual_apparatus\x3bfovea_centralis\x3biris\x3bspleen\x3bliver\x3bperipheral_nerve\x3bgerminal_center\x3bheart\x3blung\x3bsalivary_gland\x3bsynovium\x3bthyroid\x3bsympathetic_chain\x3bplacenta\x3bnasopharynx\x3boptic_nerve\x3bintestine\x3bepididymis\x3btongue\x3balveolus\x3bspinal_ganglion\x3bskin\x3blens\x3bunclassifiable_(Anatomical_System)\x3blymphoreticular\x3bcerebellum\x3bamniotic_fluid\x3bretina\x3bmuscle\x3bhead_and_neck\x3bmammary_gland\x3bcervix\x3bhippocampus\x3bcartilage\x3bendometrium\x3bbone\x3bparathyroid\x3bbrain\x3bblood\x3bbone_marrow\x3bduodenum\x3bcerebral_cortex\x3bovary\x3bmacula_lutea\x3bbladder\x3bfrontal_lobe\x3bcolon\x3baorta\x3bprostate\x3bbreast\x3bhypothalamus\x3b,trigeminal_ganglion\x3bsmooth_muscle\x3bskeletal_muscle\x3bheart\x3b,19,112,800,0.25274,0.414402037858963,N,0.501682015,.,.,-0.66,16.09,0.1710946,0.619269505,82.57936269,2.70207303676794E-07,0.995480791834555,0.00451893795814163,5.63103317063701E-07,0.992293807574772,0.00770562932191103,1.25308765754722E-05,0.997281332861808,0.00270613626161671,0.021528,0.91362,0.064851,1.18112878678676,-1.10134133730077,-0.493334038005503,0,3458.35803,11.29956,Medium,Medium,Medium,Medium,Medium,High,Medium,Medium,Medium,Medium,0.378,0.000399361022364217,0,0.000399361022364217,0,0.0463258785942492,0.000798722044728434,0.0235623003194888,0,N,N,S,N,0.665788551222402,E,Plod1,"muscle_phenotype\x3b_integument_phenotype_(the_observable_morphological_and_physiological_characteristics_of_the_skin_and_its_associated_structures,_such_as_the_hair,_nails,_sweat_glands,_sebaceous_glands_and_other_secretory_glands_that_are_manifested_through_development_and_lifespan)\x3b_limbs/digits/tail_phenotype\x3b_skeleton_phenotype\x3b_behavior/neurological_phenotype_(the_observable_actions_or_reactions_of_mammalian_organisms_that_are_manifested_through_development_and_lifespan)\x3b_cardiovascular_system_phenotype_(the_observable_morphological_and_physiological_characteristics_of_the_mammalian_heart,_blood_vessels,_or_circulatory_system_that_are_manifested_through_development_and_lifespan)\x3b_mortality/aging_(the_observable_characteristics_related_to_the_ability_of_a_mammalian_organism_to_live_and_age_that_are_manifested_throughout_development_and_life_span)\x3b_",plod1a,actinotrichium,absent,abnormal,.,.,.,.,.,.,.,.,.,.,.,.,0.0000732,0.00006973,0.00007589,0.0012,0.00006138,0.00005721,0.0009,0,0,0.00003831,0.0012,0,0,0.00004698,0.00004982,0.00001161,0,0,0.002,0,0.00003008,0,0,1,0.5,.,.,.,.,.,0.005,0.632,0.01,0.657,0.049,0.222,0.024,0.203,0.002,0.369,0.982,0.399,-0.46,0.028,1.61,0.631,-2.22,0.498,0.341,0.382,-0.893,0.486,0.143,0.464,0.018,0.004,0.116,.,0.73,0.272,0.459,0.331,0.024,0.321,-0.341,0.053,-0.298,0.45,0.094,0.117,.\x3b.\x3b,.\x3b.\x3b,2.508,0.414,0.987,0.748,0.732,0.924,0,.,4.69,4.69,3.721,0.547,1.127,0.574,0.992,0.376,0.907,0.381,13.49,0.608
chr1,12400241,.,A,C,1083.64,100,0/1,50,98,nonsynonymous_SNV,"VPS13D:NM_018156.4:exon60:c.A11620C:p.N3874H,VPS13D:NM_015378.4:exon61:c.A11695C:p.N3899H",VPS13D,exonic,rs768866971,0.00001909,0.000008238,.,.,.,.,.,.,.,.,.,.,.,.,.,.,.,.,.,.,.,.,.,.,.,.,.,.,.,.,T,20.8,0.532,.,0.978,B,P,N,N,N,.,.,T,T,T,0.223,.,0.032,.,T,T,T,T,T,.\x3b.,.,.,0,0.758,60,11.06,0.859,1,.,.,0.5,2,.,.,.,ENSG00000048707,1,.,FLJ10619\x3bKIAA0453,Q5THJ4,VP13D_HUMAN,55187,CCDS30588\x3bCCDS30589,NM_015378,uc031tou.2,608877,608877,vacuolar_protein_sorting_13_homolog_D,.,.,.,.,.,.,"FUNCTION:_Functions_in_promoting_mitochondrial_clearance_by_mitochondrial_autophagy_(mitophagy),_also_possibly_by_positively_regulating_mitochondrial_fission_(PubMed:29307555)._Mitophagy_plays_an_important_role_in_regulating_cell_health_and_mitochondrial_size_and_homeostasis_(PubMed:29307555)._{ECO:0000269|PubMed:29307555}.\x3b_","DISEASE:_Note\x3dVariants_in_VPS13D_may_be_the_cause_of_childhood_onset_movement_disorders,_characterized_in_most_cases_by_developmental_delay,_axial_hypotonia_and_hyperkinetic_movement_disorders_associated_with_spastic_paraparesis,_as_well_as_truncal_and_appendicular_ataxia._{ECO:0000269|PubMed:29518281}.\x3b_",.,.,.,.,.,Cytokine-stimulated_IL-6_production[25896417]\x3bCytokine_and_corticosteroid-stimulated_IL-6_production[25896417]\x3b,HP:0002500\x3bHP:0001761\x3bHP:0003487\x3bHP:0032105\x3bHP:0001260\x3bHP:0003477\x3bHP:0000639\x3bHP:0001257\x3bHP:0001347\x3bHP:0000252\x3bHP:0001337\x3bHP:0002359\x3bHP:0003828\x3bHP:0000007\x3bHP:0003693\x3bHP:0001256\x3bHP:0001336\x3bHP:0003581\x3bHP:0008936\x3bHP:0002066\x3bHP:0001251\x3bHP:0001332\x3bHP:0007338\x3bHP:0002380\x3bHP:0002460\x3bHP:0001270,"Abnormality_of_the_cerebral_white_matter\x3bPes_cavus\x3bBabinski_sign\x3bMacrosaccadic_oscillations\x3bDysarthria\x3bPeripheral_axonal_neuropathy\x3bNystagmus\x3bSpasticity\x3bHyperreflexia\x3bMicrocephaly\x3bTremor\x3bFrequent_falls\x3bVariable_expressivity\x3bAutosomal_recessive_inheritance\x3bDistal_amyotrophy\x3bIntellectual_disability,_mild\x3bMyoclonus\x3bAdult_onset\x3bMuscular_hypotonia_of_the_trunk\x3bGait_ataxia\x3bAtaxia\x3bDystonia\x3bHypermetric_saccades\x3bFasciculations\x3bDistal_muscle_weakness\x3bMotor_delay",protein_targeting_to_vacuole\x3bmitochondrion_organization\x3bprotein_retention_in_Golgi_apparatus\x3bpositive_regulation_of_mitophagy,cell\x3bextrinsic_component_of_membrane\x3bextracellular_exosome,.,Widely_expressed._{ECO:0000269|PubMed:15498460}.\x3b,amygdala\x3balveolus\x3bskin\x3bstomach\x3btestis\x3blens\x3bunclassifiable_(Anatomical_System)\x3bchoroid\x3bkidney\x3buterus\x3bwhole_body\x3bretina\x3bpancreas\x3bhead_and_neck\x3bhypopharynx\x3bmammary_gland\x3batrium\x3bskeletal_muscle\x3bislets_of_Langerhans\x3bvisual_apparatus\x3bfovea_centralis\x3bspleen\x3bliver\x3bcartilage\x3bendometrium\x3bbone\x3bgerminal_center\x3bparathyroid\x3bbrain\x3bblood\x3bheart\x3bbone_marrow\x3blung\x3bovary\x3bthyroid\x3bmacula_lutea\x3boesophagus\x3bnervous\x3bfrontal_lobe\x3bcolon\x3bplacenta\x3bprostate\x3bnasopharynx\x3bbreast\x3boptic_nerve\x3bhypothalamus\x3b,ciliary_ganglion\x3bamygdala\x3bprefrontal_cortex\x3bsubthalamic_nucleus\x3bsuperior_cervical_ganglion\x3batrioventricular_node\x3btrigeminal_ganglion\x3bparietal_lobe\x3bskeletal_muscle\x3bglobus_pallidus\x3b,8,5,571,0.27558,0.563471615314484,Y,0.587060249,0.11399,.,-4.23,0.14,7.93116E-21,-5.145922348,0.084332269,0.999992132395372,7.86760462799904E-06,2.94520427506627E-33,0.999999991751643,8.24835694390331E-09,1.16979024714821E-35,0.99997883709747,2.11629025301724E-05,4.82814037171003E-30,0.0057827,0.98991,0.0043122,0.086532128555913,-2.44584130654597,-1.63517060273609,0,2635.30524,9.63353,Medium,Medium,Medium,Medium,Medium,High,Medium,Medium,Medium,Medium,0.655,0.000798722044728434,0,0.000798722044728434,0,0.154952076677316,0.0115814696485623,0.0798722044728434,0.00359424920127796,E,E,E,E,0.582221207941028,E,Vps13d,mortality/aging_(the_observable_characteristics_related_to_the_ability_of_a_mammalian_organism_to_live_and_age_that_are_manifested_throughout_development_and_life_span)\x3b_,.,.,.,.,.,.,.,.,.,.,.,.,.,.,.,.,0.00001908,0.00002795,0.00001168,0.0003,0.00001017,0.00000803,0.0002,0,0,0,0.0003,0,0,0,0,0,0,0,0.0001,0,0,0,0,1,0.5,.,.,.,.,.,.,.,0.179,0.295,0.939,0.526,0.435,0.455,0.001,0.395,0.73,0.298,0.69,0.17,.,.,.,.,0.206,0.231,-0.928,0.445,0.13,0.44,0.131,0.249,0.075,.,0.043,.,0.41,0.265,0.192,0.547,-0.304,0.083,-0.505,0.218,0.356,0.273,.\x3b.\x3b,.\x3b.\x3b,2.186,0.344,0.991,0.364,0.706,0.612,0,.,6.03,6.03,3.133,0.502,1.307,0.885,0.986,0.362,1,0.863,11.577,0.501
chr1,12794265,1:12794265:G:A,G,A,483.64,158,0/1,36,154,nonsynonymous_SNV,PRAMEF1:NM_023013.4:exon3:c.G638A:p.R213H,PRAMEF1,exonic,rs1063769,0.0032,0.3312,.,.,.,.,.,.,.,.,.,.,.,.,.,.,.,.,.,.,.,.,.,.,.,.,.,.,.,T,T,0.018,0.189,.,0.048,B,B,U,P,L,T,N,T,T,T,0.157,.,.,0.444,T,T,T,T,T,.,.,.,0,3.715,57.46,3.14,0.387,134,130,4,0.0209244,6404,26.1022,0.838685,0.649508,ENSG00000116721,1,.,.,O95521,PRAM1_HUMAN,65121,CCDS148,NM_023013\x3bNM_001294139,uc031tpg.1,.,618355,PRAME_family_member_1,.,.,.,.,.,.,.,.,.,.,.,.,.,Molybdenum_levels[26025379]\x3b,.,.,"positive_regulation_of_cell_population_proliferation\x3bnegative_regulation_of_apoptotic_process\x3bnegative_regulation_of_cell_differentiation\x3bnegative_regulation_of_transcription,_DNA-templated",cytoplasm,.,.,testis\x3b,.,.,.,.,0.09477,0.255355030298233,N,.,.,.,1.67,96.3,0.5302366,2.967451208,99.40967412,0.0981051636001553,0.866728021575149,0.0351668148246952,0.0791564229501958,0.872325999874609,0.0485175771751948,0.0803575566011639,0.863107616676309,0.0565348267225271,0.10199,0.59856,0.29945,0,0,0,0,173.2434,2.8653,Medium,Medium,Medium,Medium,Medium,Medium,Medium,Medium,Medium,Medium,0.994,0.00279552715654952,0,0.00279552715654952,0,0.069888178913738,0.0115814696485623,0.0247603833865815,0.00119808306709265,.,N,.,N,0.100781743081942,N,.,.,.,.,.,.,.,.,.,.,.,.,.,.,.,.,.,.,0.022,0.0033,0.0031,0.0145,0.0031,0.0031,0.013,0.001,0.001,0.0009,0.0145,0.0029,0.0056,0.0031,0.003,0.003,0.468,0.2999,0.423,0.2257,0.2968,0.2991,0.4018,1,0.5,0.00907716,0.00720461,0.0734127,0.00695825,0.0224949,0.593,0.058,0.492,0.115,0.002,0.099,0.002,0.069,0,0.497,1,0.09,1.355,0.338,5.43,0.01,0.06,0.063,0.007,0.001,-0.903,0.477,0.002,0.007,0.002,0,0.054,.,.,0.445,0.45,0.32,0.003,0.029,-0.348,0.048,-0.738,0.04,0.001,0,.\x3b,.\x3b,-0.859,0.007,0.896,0.055,0.487,0.14,0,.,1.61,-3.22,-1.584,0.022,-4.408,0.001,0,0.064,0,0.019,3.474,0.071
chr1,12795499,1:12795499:A:T,A,T,40.64,45,0/1,4,44,nonsynonymous_SNV,"PRAMEF1:NM_001294139.1:exon2:c.A193T:p.M65L,PRAMEF1:NM_023013.4:exon4:c.A928T:p.M310L",PRAMEF1,exonic,rs200816125,0.0019,0.0086,.,.,.,.,.,.,.,.,.,.,.,.,.,.,.,.,.,.,.,.,.,.,.,.,.,.,.,T,T,0.001,0.009,.,0.097,B,B,N,N,N,T,N,T,T,T,0.112,.,.,0.355,T,T,T,T,T,.,LINC01784|PRAMEF11,Testis|Testis,0,5.01,48.08,0.92,1.518,245,241,4,0.0382573,6404,26.1031,0.145063,0.328926,ENSG00000116721,1,.,.,O95521,PRAM1_HUMAN,65121,CCDS148,NM_023013\x3bNM_001294139,uc031tpg.1,.,618355,PRAME_family_member_1,.,.,.,.,.,.,.,.,.,.,.,.,.,Molybdenum_levels[26025379]\x3b,.,.,"positive_regulation_of_cell_population_proliferation\x3bnegative_regulation_of_apoptotic_process\x3bnegative_regulation_of_cell_differentiation\x3bnegative_regulation_of_transcription,_DNA-templated",cytoplasm,.,.,testis\x3b,.,.,.,.,0.09477,0.255355030298233,N,.,.,.,1.67,96.3,0.5302366,2.967451208,99.40967412,0.0981051636001553,0.866728021575149,0.0351668148246952,0.0791564229501958,0.872325999874609,0.0485175771751948,0.0803575566011639,0.863107616676309,0.0565348267225271,0.10199,0.59856,0.29945,0,0,0,0,173.2434,2.8653,Medium,Medium,Medium,Medium,Medium,Medium,Medium,Medium,Medium,Medium,0.994,0.00279552715654952,0,0.00279552715654952,0,0.069888178913738,0.0115814696485623,0.0247603833865815,0.00119808306709265,.,N,.,N,0.100781743081942,N,.,.,.,.,.,.,.,.,.,.,.,.,.,.,.,.,.,.,0.0161,0.0018,0.0021,0.0154,0.0019,0.0018,0.0139,0.0002,0.0017,0.0023,0.0154,0.0027,0.0026,0.0014,0.0023,0.0029,0.0019,0.0059,0.0144,0.0079,0.0082,0.0136,0.013,1,0.5,0.00453858,0.018732,0.0912698,0.0337972,0.0654397,1,0.01,1,0.012,0,0.029,0,0.014,0.16,0.177,1,0.09,-1.835,0.003,5.68,0.008,1.01,0.014,0.059,0.031,-0.952,0.407,0.001,0.003,0.006,0.001,0.041,.,.,0.334,0.355,0.186,0.004,0.03,-0.647,0.001,-0.742,0.038,0.003,0,.\x3b,.\x3b,-1.623,0.001,0.225,0.042,0.487,0.14,0,.,1.56,-0.993,-1.32,0.028,-1.505,0.012,0,0.064,0,0.019,0.771,0.01
chr1,12795518,1:12795518:A:T,A,T,40.64,40,0/1,6,38,nonsynonymous_SNV,"PRAMEF1:NM_001294139.1:exon2:c.A212T:p.Y71F,PRAMEF1:NM_023013.4:exon4:c.A947T:p.Y316F",PRAMEF1,exonic,rs200190132,0.0012,0.0174,.,.,.,.,.,.,.,.,.,.,.,.,.,.,.,.,.,.,.,.,.,.,.,.,.,.,.,T,T,10.47,0.054,.,0.065,B,B,N,N,L,T,N,T,T,T,0.038,.,.,0.35,T,T,T,T,T,.,.,.,0,0,45.7,1.07,0.484,121,121,0,0.0188944,6404,26.1031,0.314907,0.6291,ENSG00000116721,1,.,.,O95521,PRAM1_HUMAN,65121,CCDS148,NM_023013\x3bNM_001294139,uc031tpg.1,.,618355,PRAME_family_member_1,.,.,.,.,.,.,.,.,.,.,.,.,.,Molybdenum_levels[26025379]\x3b,.,.,"positive_regulation_of_cell_population_proliferation\x3bnegative_regulation_of_apoptotic_process\x3bnegative_regulation_of_cell_differentiation\x3bnegative_regulation_of_transcription,_DNA-templated",cytoplasm,.,.,testis\x3b,.,.,.,.,0.09477,0.255355030298233,N,.,.,.,1.67,96.3,0.5302366,2.967451208,99.40967412,0.0981051636001553,0.866728021575149,0.0351668148246952,0.0791564229501958,0.872325999874609,0.0485175771751948,0.0803575566011639,0.863107616676309,0.0565348267225271,0.10199,0.59856,0.29945,0,0,0,0,173.2434,2.8653,Medium,Medium,Medium,Medium,Medium,Medium,Medium,Medium,Medium,Medium,0.994,0.00279552715654952,0,0.00279552715654952,0,0.069888178913738,0.0115814696485623,0.0247603833865815,0.00119808306709265,.,N,.,N,0.100781743081942,N,.,.,.,.,.,.,.,.,.,.,.,.,.,.,.,.,.,.,0.0162,0.0011,0.0012,0.0065,0.0011,0.0011,0.0055,0.0003,0.0007,0.0007,0.0065,0.0011,0.0004,0.0011,0.0009,0.0009,0.0036,0.007,0.0849,0.0173,0.0141,0.0218,0.0145,1,0.5,0.00605144,0.00288184,0.0724206,0.00795229,0.0204499,0.12,0.279,0.478,0.12,0.001,0.075,0.008,0.137,0.004,0.348,1,0.09,1.055,0.269,0.88,0.46,-0.8,0.221,0.043,0.016,-1.075,0.084,0.06,0.249,0.004,0.001,0.02,.,.,0.329,0.417,0.274,0.018,0.147,-0.258,0.131,-0.609,0.121,0.001,0,.\x3b,.\x3b,0.903,0.138,0.557,0.029,0.487,0.14,0,.,1.56,-2.23,0.549,0.23,-0.672,0.042,0.001,0.138,0.001,0.051,2.184,0.036
chr1,12795695,1:12795695:G:A,G,A,142.64,8,0/1,5,8,nonsynonymous_SNV,"PRAMEF1:NM_001294139.1:exon2:c.G389A:p.R130H,PRAMEF1:NM_023013.4:exon4:c.G1124A:p.R375H",PRAMEF1,exonic,rs141509525,0.0223,0,.,.,.,.,.,.,.,.,.,.,.,.,.,.,.,.,.,.,.,.,.,.,.,.,.,.,.,T,T,0.728,.,.,.,.,.,.,.,.,T,N,.,.,T,.,.,.,.,.,T,.,.,.,.,.,.,0,3.332,51.63,17.83,0.105,484,484,0,0.0755778,6404,26.1032,0.00000000260823,0.00000000572098,ENSG00000116721,1,.,.,O95521,PRAM1_HUMAN,65121,CCDS148,NM_023013\x3bNM_001294139,uc031tpg.1,.,618355,PRAME_family_member_1,.,.,.,.,.,.,.,.,.,.,.,.,.,Molybdenum_levels[26025379]\x3b,.,.,"positive_regulation_of_cell_population_proliferation\x3bnegative_regulation_of_apoptotic_process\x3bnegative_regulation_of_cell_differentiation\x3bnegative_regulation_of_transcription,_DNA-templated",cytoplasm,.,.,testis\x3b,.,.,.,.,0.09477,0.255355030298233,N,.,.,.,1.67,96.3,0.5302366,2.967451208,99.40967412,0.0981051636001553,0.866728021575149,0.0351668148246952,0.0791564229501958,0.872325999874609,0.0485175771751948,0.0803575566011639,0.863107616676309,0.0565348267225271,0.10199,0.59856,0.29945,0,0,0,0,173.2434,2.8653,Medium,Medium,Medium,Medium,Medium,Medium,Medium,Medium,Medium,Medium,0.994,0.00279552715654952,0,0.00279552715654952,0,0.069888178913738,0.0115814696485623,0.0247603833865815,0.00119808306709265,.,N,.,N,0.100781743081942,N,.,.,.,.,.,.,.,.,.,.,.,.,.,.,.,.,.,.,0.0526,0.022,0.0226,0.1543,0.0221,0.022,0.1492,0.0089,0.0117,0.0124,0.1543,0.0447,0.0125,0.0178,0.0268,0.026,0,0,0,0,0,0,0,1,0.5,0.0332829,0.0172911,0.237103,0.0397614,0.0736196,0.508,0.075,0.409,0.146,.,.,.,.,.,.,.,.,.,.,2.97,0.095,-0.85,0.232,0.079,0.054,.,.,.,.,0.006,0.001,.,.,.,.,.,.,0.005,0.045,.,.,.,.,.,.,.\x3b,.\x3b,-0.127,0.033,.,.,.,.,.,.,.,.,-0.509,0.064,-3.017,0.002,0.127,0.233,0,0.019,.,.
chr1,12847596,1:12847596:C:G,C,G,1350.64,263,0/1,76,257,nonsynonymous_SNV,HNRNPCL1:NM_001013631.3:exon2:c.G694C:p.D232H,HNRNPCL1,exonic,rs78163065,0.0463,0.0588,.,.,.,.,.,.,.,.,.,.,.,.,.,.,.,.,.,.,.,.,.,.,.,.,.,.,.,T,T,15.35,0.071,.,0.178,B,B,U,D,.,T,N,T,T,T,0.202,.,.,0.048,T,T,T,T,T,.,VPS13D|LRRC38|LRRC38|PRAMEF14,Brain_Cerebellar_Hemisphere|Heart_Atrial_Appendage|Heart_Left_Ventricle|Testis,0,1.661,50.21,5.26,0.772,452,440,12,0.0705809,6404,26.2163,0.00256566,0.00441618,ENSG00000179172,1,HNRPCL1,.,O60812,HNRC1_HUMAN,343069,CCDS30591,NM_001013631,uc057cki.1,.,618355,heterogeneous_nuclear_ribonucleoprotein_C-like_1,.,.,.,.,.,.,FUNCTION:_May_play_a_role_in_nucleosome_assembly_by_neutralizing_basic_proteins_such_as_A_and_B_core_hnRNPs._{ECO:0000250}.\x3b_,.,.,.,.,.,.,.,.,.,.,nucleus,RNA_binding,.,.,.,24,27,1670,0.25159,0.111908376216888,N,.,.,.,1.19,92.89,0.1982306,3.052479301,99.45184025,0.0107232661654143,0.833814449680548,0.155462284154037,0.00860940638438048,0.799456744933255,0.191933848682364,0.0495483608185871,0.843436058910853,0.10701558027056,0.36715,0.48906,0.14379,0,0,0,0,2213.53889,8.6628,Medium,Medium,Medium,Medium,Medium,Medium,Medium,Medium,Medium,Medium,0.881,0.0259584664536741,0.00199680511182109,0.000399361022364217,0,0.0555111821086262,0.0215654952076677,0.0155750798722045,0.000798722044728434,.,N,.,N,0.0778281826438984,N,.,.,.,.,.,.,.,.,.,.,.,.,.,.,.,.,.,.,0.051,0.0454,0.0472,0.215,0.046,0.0459,0.2096,0.0174,0.0242,0.0272,0.215,0.0712,0.0365,0.0407,0.0517,0.0518,0.0245,0.0221,0.2319,0.0748,0.0469,0.0686,0.0562,1,0.5,0.0189107,0.0158501,0.229167,0.0377734,0.0756646,0.06,0.373,0.071,0.435,0.003,0.112,0.006,0.121,0.008,0.311,0.997,0.434,.,.,2.78,0.113,-0.87,0.236,0.106,0.091,-0.873,0.503,0,0,0.002,0,0.068,.,.,0.044,0.59,0.515,0.004,0.031,-0.6,0.001,-0.607,0.122,0.013,0.002,.\x3b,.\x3b,1.441,0.21,0.629,0.066,0.554,0.252,0,.,0.792,0.792,3.741,0.548,0.238,0.26,1,0.716,0.002,0.07,7.475,0.265
